n,delta,delta_float,n_curves,pair_intersections,distinct_points,regions,bezout_ceiling,n_degenerate_pairs,min_separation,points,generic
2,1/5,0.2,1,0,0,3,3,0,0.000e+00,"1,-5;3,-8",True
2,1/10,0.1,1,0,0,3,3,0,0.000e+00,"8,-6;2,9",True
2,4,4.0,1,0,0,3,3,0,0.000e+00,"7,-3;-8,-7",True
2,10,10.0,0,0,0,1,3,0,0.000e+00,"4,-7;-2,-7",True
2,1,1.0,1,0,0,3,3,0,0.000e+00,"4,-8;9,-6",True
2,3,3.0,1,0,0,3,3,0,0.000e+00,"9,-8;9,9",True
2,1/3,0.3333333333333333,1,0,0,3,3,0,0.000e+00,"-8,-2;-8,8",True
2,1/4,0.25,1,0,0,3,3,0,0.000e+00,"0,4;-5,8",True
2,1/4,0.25,1,0,0,3,3,0,0.000e+00,"9,0;8,-4",True
2,1/4,0.25,1,0,0,3,3,0,0.000e+00,"9,9;-3,2",True
2,3/4,0.75,1,0,0,3,3,0,0.000e+00,"8,-7;9,-8",True
2,5,5.0,1,0,0,3,3,0,0.000e+00,"6,8;4,1",True
3,1,1.0,3,12,12,19,19,0,2.316e+00,"9,5;2,0;-2,-4",True
3,5,5.0,3,8,8,15,19,2,3.304e+00,"-7,9;0,7;6,1",False
3,2,2.0,3,12,12,19,19,0,1.123e+00,"0,-7;-6,7;4,-4",True
3,2,2.0,3,10,10,17,19,1,1.351e+00,"-5,6;4,-8;-7,8",False
3,1/5,0.2,3,12,12,19,19,0,2.061e-01,"1,2;6,9;5,-7",True
3,5,5.0,2,2,2,7,19,1,5.439e+01,"-1,6;-7,-8;0,9",False
3,1/2,0.5,3,12,12,19,19,0,2.620e-01,"0,3;2,-9;5,2",True
3,1,1.0,3,12,12,19,19,0,6.268e-01,"-6,6;-8,-3;0,-5",True
3,3,3.0,3,12,12,19,19,0,1.853e+00,"3,3;6,-7;-4,5",True
3,1/2,0.5,3,12,12,19,19,0,4.972e-01,"4,2;3,-2;-5,-7",True
3,1/2,0.5,3,12,12,19,19,0,3.364e-01,"-5,-2;-2,-9;6,9",True
3,5/2,2.5,3,12,12,19,19,0,2.734e+00,"-1,0;-9,-5;4,8",True
4,3,3.0,5,28,28,39,73,6,3.917e-01,"9,1;-5,7;-8,5;8,3",False
4,3/4,0.75,6,60,60,73,73,0,4.003e-01,"3,3;-6,6;3,-8;-3,-7",True
4,1/3,0.3333333333333333,6,60,60,73,73,0,2.101e-01,"5,-4;-6,1;-8,-6;-9,9",True
4,6,6.0,4,16,16,25,73,4,7.273e-01,"-1,2;2,6;-6,-6;6,5",False
4,1/2,0.5,6,60,60,73,73,0,1.081e-01,"6,0;-7,-5;-6,1;-1,6",True
4,8,8.0,3,6,6,13,73,3,9.345e-02,"7,-9;-3,7;2,-5;8,-9",False
4,10,10.0,2,2,2,7,73,1,2.069e+01,"0,-7;-1,7;2,-4;2,-2",False
4,5/4,1.25,6,56,56,69,73,2,2.457e-02,"-3,7;6,2;-9,-9;-1,6",False
4,1,1.0,6,58,58,71,73,1,3.294e-02,"-3,2;5,2;2,-7;-2,-6",False
4,1/5,0.2,6,60,60,73,73,0,1.258e-01,"-7,-6;3,-3;6,-4;4,1",True
4,1/3,0.3333333333333333,6,60,60,73,73,0,1.855e-01,"3,5;3,-7;-4,-4;-5,-9",True
4,1/3,0.3333333333333333,6,60,60,73,73,0,2.249e-02,"9,5;-5,6;2,-5;8,8",True
5,3/4,0.75,10,180,180,201,201,0,7.363e-03,"-9,-9;-6,7;-5,4;-3,-3;-9,-1",True
5,5/2,2.5,10,174,174,195,201,3,9.354e-03,"0,7;-2,9;1,-1;8,4;-5,-8",False
5,1/10,0.1,10,180,180,201,201,0,5.097e-02,"-9,5;-4,-9;-5,-4;-5,6;-6,8",True
5,5/4,1.25,10,180,180,201,201,0,8.101e-03,"1,7;7,8;6,-6;8,-8;-2,-3",True
5,8,8.0,9,106,106,125,201,19,7.649e-02,"-8,-6;7,5;8,-9;-7,5;1,7",False
5,10,10.0,4,11,11,20,201,6,7.528e-01,"-3,-1;5,7;8,6;7,-2;7,-1",False
5,4,4.0,7,68,68,83,201,8,2.862e-01,"-3,5;-5,4;-6,3;5,1;-7,-2",False
5,2,2.0,10,175,175,196,201,3,2.033e-03,"-2,-6;3,6;-4,-2;-4,4;7,3",False
5,5,5.0,8,78,78,95,201,17,2.949e-01,"4,-3;2,1;-7,2;-9,1;8,5",False
5,1/3,0.3333333333333333,10,180,180,201,201,0,5.359e-03,"-7,-1;-1,-8;-4,-1;-5,4;-1,3",True
5,1/5,0.2,10,180,180,201,201,0,8.128e-05,"8,7;9,6;1,-7;-1,-8;-4,4",True
5,8,8.0,8,73,73,90,201,20,9.382e-02,"5,7;-4,-1;2,-9;-1,-8;-9,-9",False
6,5/4,1.25,15,406,406,437,451,7,6.726e-03,"0,-3;-2,1;-3,-5;3,2;-8,-5;-9,-7",False
6,1/2,0.5,15,416,416,447,451,4,1.287e-03,"4,-4;-8,-7;3,7;0,-2;0,-8;5,-4",False
6,1/20,0.05,15,420,420,451,451,0,8.593e-03,"2,-4;-9,1;3,-7;6,-1;7,-3;-2,7",True
6,1/5,0.2,15,420,420,451,451,0,9.371e-03,"-7,-1;-7,-5;3,9;-8,3;-9,0;0,-2",True
6,5,5.0,14,299,299,328,451,33,1.425e-02,"2,-6;3,5;8,-8;-9,8;-2,6;-1,-9",False
6,10,10.0,9,71,71,90,451,36,1.245e-02,"-2,0;6,8;3,-6;-4,-4;-7,-3;7,6",False
6,8,8.0,7,54,54,69,451,15,4.604e-02,"7,-3;3,-1;1,-8;6,-1;9,2;-5,7",False
6,1/10,0.1,15,420,420,451,451,0,7.537e-04,"-2,-5;-5,7;-6,5;-7,8;-8,-9;-5,-2",True
6,3,3.0,14,328,328,357,451,18,1.621e-03,"0,-5;-1,7;4,-6;-6,-7;0,7;9,-3",False
6,1,1.0,15,411,410,441,451,7,4.050e-04,"-1,-2;-9,-9;8,0;5,-1;1,-2;6,7",False
6,1,1.0,15,417,417,448,451,2,1.766e-04,"8,-2;-9,4;0,-8;-9,-3;6,4;-7,-1",False
6,4,4.0,15,335,333,364,451,44,0.000e+00,"-9,-7;-1,-7;2,4;-6,8;-3,3;2,0",False
